Start time UTC,End time UTC,Start time UTC+03:00,End time UTC+03:00,Average Load In Nanjing
2002/11/01 00:00,2002/11/02 00:00,2002/11/01 03:00,2002/11/02 03:00,1687.979
2002/11/02 00:00,2002/11/03 00:00,2002/11/02 03:00,2002/11/03 03:00,1653.573
2002/11/03 00:00,2002/11/04 00:00,2002/11/03 03:00,2002/11/04 03:00,1634.035
2002/11/04 00:00,2002/11/05 00:00,2002/11/04 03:00,2002/11/05 03:00,1715.912
2002/11/05 00:00,2002/11/06 00:00,2002/11/05 03:00,2002/11/06 03:00,1732.314
2002/11/06 00:00,2002/11/07 00:00,2002/11/06 03:00,2002/11/07 03:00,1717.768
2002/11/07 00:00,2002/11/08 00:00,2002/11/07 03:00,2002/11/08 03:00,1697.009
2002/11/08 00:00,2002/11/09 00:00,2002/11/08 03:00,2002/11/09 03:00,1733.018
2002/11/09 00:00,2002/11/10 00:00,2002/11/09 03:00,2002/11/10 03:00,1696.422
2002/11/10 00:00,2002/11/11 00:00,2002/11/10 03:00,2002/11/11 03:00,1646.448
2002/11/11 00:00,2002/11/12 00:00,2002/11/11 03:00,2002/11/12 03:00,1704.952
2002/11/12 00:00,2002/11/13 00:00,2002/11/12 03:00,2002/11/13 03:00,1702.916
2002/11/13 00:00,2002/11/14 00:00,2002/11/13 03:00,2002/11/14 03:00,1711.952
2002/11/14 00:00,2002/11/15 00:00,2002/11/14 03:00,2002/11/15 03:00,1747.226
2002/11/15 00:00,2002/11/16 00:00,2002/11/15 03:00,2002/11/16 03:00,1763.452
2002/11/16 00:00,2002/11/17 00:00,2002/11/16 03:00,2002/11/17 03:00,1691.221
2002/11/17 00:00,2002/11/18 00:00,2002/11/17 03:00,2002/11/18 03:00,1696.741
2002/11/18 00:00,2002/11/19 00:00,2002/11/18 03:00,2002/11/19 03:00,1793.252
2002/11/19 00:00,2002/11/20 00:00,2002/11/19 03:00,2002/11/20 03:00,1810.376
2002/11/20 00:00,2002/11/21 00:00,2002/11/20 03:00,2002/11/21 03:00,1839.362
2002/11/21 00:00,2002/11/22 00:00,2002/11/21 03:00,2002/11/22 03:00,1837.824
2002/11/22 00:00,2002/11/23 00:00,2002/11/22 03:00,2002/11/23 03:00,1832.501
2002/11/23 00:00,2002/11/24 00:00,2002/11/23 03:00,2002/11/24 03:00,1772.466
2002/11/24 00:00,2002/11/25 00:00,2002/11/24 03:00,2002/11/25 03:00,1746.626
2002/11/25 00:00,2002/11/26 00:00,2002/11/25 03:00,2002/11/26 03:00,1846.997
2002/11/26 00:00,2002/11/27 00:00,2002/11/26 03:00,2002/11/27 03:00,1838.84
2002/11/27 00:00,2002/11/28 00:00,2002/11/27 03:00,2002/11/28 03:00,1851.848
2002/11/28 00:00,2002/11/29 00:00,2002/11/28 03:00,2002/11/29 03:00,1824.932
2002/11/29 00:00,2002/11/30 00:00,2002/11/29 03:00,2002/11/30 03:00,1804.637
2002/11/30 00:00,2002/12/01 00:00,2002/11/30 03:00,2002/12/01 03:00,1763.663
2002/12/01 00:00,2002/12/02 00:00,2002/12/01 03:00,2002/12/02 03:00,1781.514
2002/12/02 00:00,2002/12/03 00:00,2002/12/02 03:00,2002/12/03 03:00,1784.546
2002/12/03 00:00,2002/12/04 00:00,2002/12/03 03:00,2002/12/04 03:00,1787.578
2002/12/04 00:00,2002/12/05 00:00,2002/12/04 03:00,2002/12/05 03:00,1827.612
2002/12/05 00:00,2002/12/06 00:00,2002/12/05 03:00,2002/12/06 03:00,1834.83
2002/12/06 00:00,2002/12/07 00:00,2002/12/06 03:00,2002/12/07 03:00,1926.958
2002/12/07 00:00,2002/12/08 00:00,2002/12/07 03:00,2002/12/08 03:00,1828.535
2002/12/08 00:00,2002/12/09 00:00,2002/12/08 03:00,2002/12/09 03:00,1826.469
2002/12/09 00:00,2002/12/10 00:00,2002/12/09 03:00,2002/12/10 03:00,1994.044
2002/12/10 00:00,2002/12/11 00:00,2002/12/10 03:00,2002/12/11 03:00,2004.024
2002/12/11 00:00,2002/12/12 00:00,2002/12/11 03:00,2002/12/12 03:00,1991.519
2002/12/12 00:00,2002/12/13 00:00,2002/12/12 03:00,2002/12/13 03:00,1962.95
2002/12/13 00:00,2002/12/14 00:00,2002/12/13 03:00,2002/12/14 03:00,1954.016
2002/12/14 00:00,2002/12/15 00:00,2002/12/14 03:00,2002/12/15 03:00,1847.547
2002/12/15 00:00,2002/12/16 00:00,2002/12/15 03:00,2002/12/16 03:00,1779.681
2002/12/16 00:00,2002/12/17 00:00,2002/12/16 03:00,2002/12/17 03:00,1966.777
2002/12/17 00:00,2002/12/18 00:00,2002/12/17 03:00,2002/12/18 03:00,2020.455
2002/12/18 00:00,2002/12/19 00:00,2002/12/18 03:00,2002/12/19 03:00,1966.946
2002/12/19 00:00,2002/12/20 00:00,2002/12/19 03:00,2002/12/20 03:00,1897.077
2002/12/20 00:00,2002/12/21 00:00,2002/12/20 03:00,2002/12/21 03:00,1957.391
2002/12/21 00:00,2002/12/22 00:00,2002/12/21 03:00,2002/12/22 03:00,1869.635
2002/12/22 00:00,2002/12/23 00:00,2002/12/22 03:00,2002/12/23 03:00,1808.667
2002/12/23 00:00,2002/12/24 00:00,2002/12/23 03:00,2002/12/24 03:00,2011.167
2002/12/24 00:00,2002/12/25 00:00,2002/12/24 03:00,2002/12/25 03:00,2037.886
2002/12/25 00:00,2002/12/26 00:00,2002/12/25 03:00,2002/12/26 03:00,2116.468
2002/12/26 00:00,2002/12/27 00:00,2002/12/26 03:00,2002/12/27 03:00,2074.055
2002/12/27 00:00,2002/12/28 00:00,2002/12/27 03:00,2002/12/28 03:00,2074.162
2002/12/28 00:00,2002/12/29 00:00,2002/12/28 03:00,2002/12/29 03:00,2023.701
2002/12/29 00:00,2002/12/30 00:00,2002/12/29 03:00,2002/12/30 03:00,1973.24
2002/12/30 00:00,2002/12/31 00:00,2002/12/30 03:00,2002/12/31 03:00,2022.363
2002/12/31 00:00,2003/01/01 00:00,2002/12/31 03:00,2003/01/01 03:00,2060.733
2003/01/01 00:00,2003/01/02 00:00,2003/01/01 03:00,2003/01/02 03:00,1886.784
2003/01/02 00:00,2003/01/03 00:00,2003/01/02 03:00,2003/01/03 03:00,2093.609
2003/01/03 00:00,2003/01/04 00:00,2003/01/03 03:00,2003/01/04 03:00,2144.202
2003/01/04 00:00,2003/01/05 00:00,2003/01/04 03:00,2003/01/05 03:00,2031.939
2003/01/05 00:00,2003/01/06 00:00,2003/01/05 03:00,2003/01/06 03:00,2092.762
2003/01/06 00:00,2003/01/07 00:00,2003/01/06 03:00,2003/01/07 03:00,2082.592
2003/01/07 00:00,2003/01/08 00:00,2003/01/07 03:00,2003/01/08 03:00,2193.054
2003/01/08 00:00,2003/01/09 00:00,2003/01/08 03:00,2003/01/09 03:00,2174.712
2003/01/09 00:00,2003/01/10 00:00,2003/01/09 03:00,2003/01/10 03:00,2125.666
2003/01/10 00:00,2003/01/11 00:00,2003/01/10 03:00,2003/01/11 03:00,2138.156
2003/01/11 00:00,2003/01/12 00:00,2003/01/11 03:00,2003/01/12 03:00,2017.781
2003/01/12 00:00,2003/01/13 00:00,2003/01/12 03:00,2003/01/13 03:00,1909.479
2003/01/13 00:00,2003/01/14 00:00,2003/01/13 03:00,2003/01/14 03:00,1976.352
2003/01/14 00:00,2003/01/15 00:00,2003/01/14 03:00,2003/01/15 03:00,2017.692
2003/01/15 00:00,2003/01/16 00:00,2003/01/15 03:00,2003/01/16 03:00,2051.48
2003/01/16 00:00,2003/01/17 00:00,2003/01/16 03:00,2003/01/17 03:00,2004.56
2003/01/17 00:00,2003/01/18 00:00,2003/01/17 03:00,2003/01/18 03:00,1957.641
2003/01/18 00:00,2003/01/19 00:00,2003/01/18 03:00,2003/01/19 03:00,1912.133
2003/01/19 00:00,2003/01/20 00:00,2003/01/19 03:00,2003/01/20 03:00,1864.214
2003/01/20 00:00,2003/01/21 00:00,2003/01/20 03:00,2003/01/21 03:00,1987.341
2003/01/21 00:00,2003/01/22 00:00,2003/01/21 03:00,2003/01/22 03:00,1994.535
2003/01/22 00:00,2003/01/23 00:00,2003/01/22 03:00,2003/01/23 03:00,1993.61
2003/01/23 00:00,2003/01/24 00:00,2003/01/23 03:00,2003/01/24 03:00,1986.687
2003/01/24 00:00,2003/01/25 00:00,2003/01/24 03:00,2003/01/25 03:00,1838.601
2003/01/25 00:00,2003/01/26 00:00,2003/01/25 03:00,2003/01/26 03:00,1853.127
2003/01/26 00:00,2003/01/27 00:00,2003/01/26 03:00,2003/01/27 03:00,1867.653
2003/01/27 00:00,2003/01/28 00:00,2003/01/27 03:00,2003/01/28 03:00,1967.983
2003/01/28 00:00,2003/01/29 00:00,2003/01/28 03:00,2003/01/29 03:00,1879.606
2003/01/29 00:00,2003/01/30 00:00,2003/01/29 03:00,2003/01/30 03:00,1828.914
2003/01/30 00:00,2003/01/31 00:00,2003/01/30 03:00,2003/01/31 03:00,1786.733
2003/01/31 00:00,2003/02/01 00:00,2003/01/31 03:00,2003/02/01 03:00,1635.841
2003/02/01 00:00,2003/02/02 00:00,2003/02/01 03:00,2003/02/02 03:00,1494.852
2003/02/02 00:00,2003/02/03 00:00,2003/02/02 03:00,2003/02/03 03:00,1495.771
2003/02/03 00:00,2003/02/04 00:00,2003/02/03 03:00,2003/02/04 03:00,1496.691
2003/02/04 00:00,2003/02/05 00:00,2003/02/04 03:00,2003/02/05 03:00,1497.61
2003/02/05 00:00,2003/02/06 00:00,2003/02/05 03:00,2003/02/06 03:00,1498.529
2003/02/06 00:00,2003/02/07 00:00,2003/02/06 03:00,2003/02/07 03:00,1532.062
2003/02/07 00:00,2003/02/08 00:00,2003/02/07 03:00,2003/02/08 03:00,1576.753
2003/02/08 00:00,2003/02/09 00:00,2003/02/08 03:00,2003/02/09 03:00,1667.316
2003/02/09 00:00,2003/02/10 00:00,2003/02/09 03:00,2003/02/10 03:00,1700.753
2003/02/10 00:00,2003/02/11 00:00,2003/02/10 03:00,2003/02/11 03:00,1892.045
2003/02/11 00:00,2003/02/12 00:00,2003/02/11 03:00,2003/02/12 03:00,1979.298
2003/02/12 00:00,2003/02/13 00:00,2003/02/12 03:00,2003/02/13 03:00,1972.014
2003/02/13 00:00,2003/02/14 00:00,2003/02/13 03:00,2003/02/14 03:00,1964.555
2003/02/14 00:00,2003/02/15 00:00,2003/02/14 03:00,2003/02/15 03:00,2002.166
2003/02/15 00:00,2003/02/16 00:00,2003/02/15 03:00,2003/02/16 03:00,1857.926
2003/02/16 00:00,2003/02/17 00:00,2003/02/16 03:00,2003/02/17 03:00,1810.797
2003/02/17 00:00,2003/02/18 00:00,2003/02/17 03:00,2003/02/18 03:00,1950.48
2003/02/18 00:00,2003/02/19 00:00,2003/02/18 03:00,2003/02/19 03:00,1900.587
2003/02/19 00:00,2003/02/20 00:00,2003/02/19 03:00,2003/02/20 03:00,1872.356
2003/02/20 00:00,2003/02/21 00:00,2003/02/20 03:00,2003/02/21 03:00,1872.377
2003/02/21 00:00,2003/02/22 00:00,2003/02/21 03:00,2003/02/22 03:00,1854.294
2003/02/22 00:00,2003/02/23 00:00,2003/02/22 03:00,2003/02/23 03:00,1815.235
2003/02/23 00:00,2003/02/24 00:00,2003/02/23 03:00,2003/02/24 03:00,1798.126
2003/02/24 00:00,2003/02/25 00:00,2003/02/24 03:00,2003/02/25 03:00,1873.625
2003/02/25 00:00,2003/02/26 00:00,2003/02/25 03:00,2003/02/26 03:00,1894.46
2003/02/26 00:00,2003/02/27 00:00,2003/02/26 03:00,2003/02/27 03:00,1944.89
2003/02/27 00:00,2003/02/28 00:00,2003/02/27 03:00,2003/02/28 03:00,1921.794
2003/02/28 00:00,2003/03/01 00:00,2003/02/28 03:00,2003/03/01 03:00,1989.778
2003/03/01 00:00,2003/03/02 00:00,2003/03/01 03:00,2003/03/02 03:00,1876.809
2003/03/02 00:00,2003/03/03 00:00,2003/03/02 03:00,2003/03/03 03:00,1829.415
2003/03/03 00:00,2003/03/04 00:00,2003/03/03 03:00,2003/03/04 03:00,2034.267
2003/03/04 00:00,2003/03/05 00:00,2003/03/04 03:00,2003/03/05 03:00,2069.595
2003/03/05 00:00,2003/03/06 00:00,2003/03/05 03:00,2003/03/06 03:00,2084.972
2003/03/06 00:00,2003/03/07 00:00,2003/03/06 03:00,2003/03/07 03:00,2082.31
2003/03/07 00:00,2003/03/08 00:00,2003/03/07 03:00,2003/03/08 03:00,2017.866
2003/03/08 00:00,2003/03/09 00:00,2003/03/08 03:00,2003/03/09 03:00,1854.913
2003/03/09 00:00,2003/03/10 00:00,2003/03/09 03:00,2003/03/10 03:00,1798.416
2003/03/10 00:00,2003/03/11 00:00,2003/03/10 03:00,2003/03/11 03:00,1921.862
2003/03/11 00:00,2003/03/12 00:00,2003/03/11 03:00,2003/03/12 03:00,1939.211
2003/03/12 00:00,2003/03/13 00:00,2003/03/12 03:00,2003/03/13 03:00,1951.687
2003/03/13 00:00,2003/03/14 00:00,2003/03/13 03:00,2003/03/14 03:00,1951.639
2003/03/14 00:00,2003/03/15 00:00,2003/03/14 03:00,2003/03/15 03:00,2019.191
2003/03/15 00:00,2003/03/16 00:00,2003/03/15 03:00,2003/03/16 03:00,1922.702
2003/03/16 00:00,2003/03/17 00:00,2003/03/16 03:00,2003/03/17 03:00,1904.377
2003/03/17 00:00,2003/03/18 00:00,2003/03/17 03:00,2003/03/18 03:00,2061.779
2003/03/18 00:00,2003/03/19 00:00,2003/03/18 03:00,2003/03/19 03:00,1973.546
2003/03/19 00:00,2003/03/20 00:00,2003/03/19 03:00,2003/03/20 03:00,1949.91
2003/03/20 00:00,2003/03/21 00:00,2003/03/20 03:00,2003/03/21 03:00,1939.917
2003/03/21 00:00,2003/03/22 00:00,2003/03/21 03:00,2003/03/22 03:00,1862.989
2003/03/22 00:00,2003/03/23 00:00,2003/03/22 03:00,2003/03/23 03:00,1815.852
2003/03/23 00:00,2003/03/24 00:00,2003/03/23 03:00,2003/03/24 03:00,1774.631
2003/03/24 00:00,2003/03/25 00:00,2003/03/24 03:00,2003/03/25 03:00,1848.762
2003/03/25 00:00,2003/03/26 00:00,2003/03/25 03:00,2003/03/26 03:00,1834.855
2003/03/26 00:00,2003/03/27 00:00,2003/03/26 03:00,2003/03/27 03:00,1791.775
2003/03/27 00:00,2003/03/28 00:00,2003/03/27 03:00,2003/03/28 03:00,1785.664
2003/03/28 00:00,2003/03/29 00:00,2003/03/28 03:00,2003/03/29 03:00,1794.091
2003/03/29 00:00,2003/03/30 00:00,2003/03/29 03:00,2003/03/30 03:00,1742.712
2003/03/30 00:00,2003/03/31 00:00,2003/03/30 03:00,2003/03/31 03:00,1697.202
2003/03/31 00:00,2003/04/01 00:00,2003/03/31 03:00,2003/04/01 03:00,1786.685
2003/04/01 00:00,2003/04/02 00:00,2003/04/01 03:00,2003/04/02 03:00,1787.567
2003/04/02 00:00,2003/04/03 00:00,2003/04/02 03:00,2003/04/03 03:00,1806.075
2003/04/03 00:00,2003/04/04 00:00,2003/04/03 03:00,2003/04/04 03:00,1776.902
2003/04/04 00:00,2003/04/05 00:00,2003/04/04 03:00,2003/04/05 03:00,1769.947
2003/04/05 00:00,2003/04/06 00:00,2003/04/05 03:00,2003/04/06 03:00,1665.4
2003/04/06 00:00,2003/04/07 00:00,2003/04/06 03:00,2003/04/07 03:00,1644.526
2003/04/07 00:00,2003/04/08 00:00,2003/04/07 03:00,2003/04/08 03:00,1746.222
2003/04/08 00:00,2003/04/09 00:00,2003/04/08 03:00,2003/04/09 03:00,1733.771
2003/04/09 00:00,2003/04/10 00:00,2003/04/09 03:00,2003/04/10 03:00,1757.276
2003/04/10 00:00,2003/04/11 00:00,2003/04/10 03:00,2003/04/11 03:00,1777.626
2003/04/11 00:00,2003/04/12 00:00,2003/04/11 03:00,2003/04/12 03:00,1752.196
2003/04/12 00:00,2003/04/13 00:00,2003/04/12 03:00,2003/04/13 03:00,1726.766
2003/04/13 00:00,2003/04/14 00:00,2003/04/13 03:00,2003/04/14 03:00,1690.621
2003/04/14 00:00,2003/04/15 00:00,2003/04/14 03:00,2003/04/15 03:00,1757.105
2003/04/15 00:00,2003/04/16 00:00,2003/04/15 03:00,2003/04/16 03:00,1775.281
2003/04/16 00:00,2003/04/17 00:00,2003/04/16 03:00,2003/04/17 03:00,1790.467
2003/04/17 00:00,2003/04/18 00:00,2003/04/17 03:00,2003/04/18 03:00,1815.906
2003/04/18 00:00,2003/04/19 00:00,2003/04/18 03:00,2003/04/19 03:00,1819.218
2003/04/19 00:00,2003/04/20 00:00,2003/04/19 03:00,2003/04/20 03:00,1751.578
2003/04/20 00:00,2003/04/21 00:00,2003/04/20 03:00,2003/04/21 03:00,1686.115
2003/04/21 00:00,2003/04/22 00:00,2003/04/21 03:00,2003/04/22 03:00,1783.774
2003/04/22 00:00,2003/04/23 00:00,2003/04/22 03:00,2003/04/23 03:00,1777.872
2003/04/23 00:00,2003/04/24 00:00,2003/04/23 03:00,2003/04/24 03:00,1818.715
2003/04/24 00:00,2003/04/25 00:00,2003/04/24 03:00,2003/04/25 03:00,1842.516
2003/04/25 00:00,2003/04/26 00:00,2003/04/25 03:00,2003/04/26 03:00,1828.153
2003/04/26 00:00,2003/04/27 00:00,2003/04/26 03:00,2003/04/27 03:00,1769.158
2003/04/27 00:00,2003/04/28 00:00,2003/04/27 03:00,2003/04/28 03:00,1743.256
2003/04/28 00:00,2003/04/29 00:00,2003/04/28 03:00,2003/04/29 03:00,1786.405
2003/04/29 00:00,2003/04/30 00:00,2003/04/29 03:00,2003/04/30 03:00,1778.264
2003/04/30 00:00,2003/05/01 00:00,2003/04/30 03:00,2003/05/01 03:00,1733.158
2003/05/01 00:00,2003/05/02 00:00,2003/05/01 03:00,2003/05/02 03:00,1626.419
2003/05/02 00:00,2003/05/03 00:00,2003/05/02 03:00,2003/05/03 03:00,1611.536
2003/05/03 00:00,2003/05/04 00:00,2003/05/03 03:00,2003/05/04 03:00,1613.125
2003/05/04 00:00,2003/05/05 00:00,2003/05/04 03:00,2003/05/05 03:00,1679.057
2003/05/05 00:00,2003/05/06 00:00,2003/05/05 03:00,2003/05/06 03:00,1677.828
2003/05/06 00:00,2003/05/07 00:00,2003/05/06 03:00,2003/05/07 03:00,1746.68
2003/05/07 00:00,2003/05/08 00:00,2003/05/07 03:00,2003/05/08 03:00,1781.185
2003/05/08 00:00,2003/05/09 00:00,2003/05/08 03:00,2003/05/09 03:00,1773.278
2003/05/09 00:00,2003/05/10 00:00,2003/05/09 03:00,2003/05/10 03:00,1758.893
2003/05/10 00:00,2003/05/11 00:00,2003/05/10 03:00,2003/05/11 03:00,1729.444
2003/05/11 00:00,2003/05/12 00:00,2003/05/11 03:00,2003/05/12 03:00,1711.405
2003/05/12 00:00,2003/05/13 00:00,2003/05/12 03:00,2003/05/13 03:00,1803.462
2003/05/13 00:00,2003/05/14 00:00,2003/05/13 03:00,2003/05/14 03:00,1807.683
2003/05/14 00:00,2003/05/15 00:00,2003/05/14 03:00,2003/05/15 03:00,1795.222
2003/05/15 00:00,2003/05/16 00:00,2003/05/15 03:00,2003/05/16 03:00,1684.996
2003/05/16 00:00,2003/05/17 00:00,2003/05/16 03:00,2003/05/17 03:00,1761.887
2003/05/17 00:00,2003/05/18 00:00,2003/05/17 03:00,2003/05/18 03:00,1709.996
2003/05/18 00:00,2003/05/19 00:00,2003/05/18 03:00,2003/05/19 03:00,1689.842
2003/05/19 00:00,2003/05/20 00:00,2003/05/19 03:00,2003/05/20 03:00,1785.991
2003/05/20 00:00,2003/05/21 00:00,2003/05/20 03:00,2003/05/21 03:00,1785.764
2003/05/21 00:00,2003/05/22 00:00,2003/05/21 03:00,2003/05/22 03:00,1781.112
2003/05/22 00:00,2003/05/23 00:00,2003/05/22 03:00,2003/05/23 03:00,1805.612
2003/05/23 00:00,2003/05/24 00:00,2003/05/23 03:00,2003/05/24 03:00,1820.365
2003/05/24 00:00,2003/05/25 00:00,2003/05/24 03:00,2003/05/25 03:00,1732.787
2003/05/25 00:00,2003/05/26 00:00,2003/05/25 03:00,2003/05/26 03:00,1703.396
2003/05/26 00:00,2003/05/27 00:00,2003/05/26 03:00,2003/05/27 03:00,1789.162
2003/05/27 00:00,2003/05/28 00:00,2003/05/27 03:00,2003/05/28 03:00,1830.696
2003/05/28 00:00,2003/05/29 00:00,2003/05/28 03:00,2003/05/29 03:00,1812.152
2003/05/29 00:00,2003/05/30 00:00,2003/05/29 03:00,2003/05/30 03:00,1805.845
2003/05/30 00:00,2003/05/31 00:00,2003/05/30 03:00,2003/05/31 03:00,1805.922
2003/05/31 00:00,2003/06/01 00:00,2003/05/31 03:00,2003/06/01 03:00,1742.796
2003/06/01 00:00,2003/06/02 00:00,2003/06/01 03:00,2003/06/02 03:00,1701.156
2003/06/02 00:00,2003/06/03 00:00,2003/06/02 03:00,2003/06/03 03:00,1830.465
2003/06/03 00:00,2003/06/04 00:00,2003/06/03 03:00,2003/06/04 03:00,1841.168
2003/06/04 00:00,2003/06/05 00:00,2003/06/04 03:00,2003/06/05 03:00,1812.076
2003/06/05 00:00,2003/06/06 00:00,2003/06/05 03:00,2003/06/06 03:00,1861.855
2003/06/06 00:00,2003/06/07 00:00,2003/06/06 03:00,2003/06/07 03:00,1946.501
2003/06/07 00:00,2003/06/08 00:00,2003/06/07 03:00,2003/06/08 03:00,1846.728
2003/06/08 00:00,2003/06/09 00:00,2003/06/08 03:00,2003/06/09 03:00,1797.379
2003/06/09 00:00,2003/06/10 00:00,2003/06/09 03:00,2003/06/10 03:00,1965.042
2003/06/10 00:00,2003/06/11 00:00,2003/06/10 03:00,2003/06/11 03:00,2001.338
2003/06/11 00:00,2003/06/12 00:00,2003/06/11 03:00,2003/06/12 03:00,1852.338
2003/06/12 00:00,2003/06/13 00:00,2003/06/12 03:00,2003/06/13 03:00,1873.246
2003/06/13 00:00,2003/06/14 00:00,2003/06/13 03:00,2003/06/14 03:00,1920.378
2003/06/14 00:00,2003/06/15 00:00,2003/06/14 03:00,2003/06/15 03:00,1879.072
2003/06/15 00:00,2003/06/16 00:00,2003/06/15 03:00,2003/06/16 03:00,1826.224
2003/06/16 00:00,2003/06/17 00:00,2003/06/16 03:00,2003/06/17 03:00,1920.707
2003/06/17 00:00,2003/06/18 00:00,2003/06/17 03:00,2003/06/18 03:00,1974.64
2003/06/18 00:00,2003/06/19 00:00,2003/06/18 03:00,2003/06/19 03:00,1992.773
2003/06/19 00:00,2003/06/20 00:00,2003/06/19 03:00,2003/06/20 03:00,2035.693
2003/06/20 00:00,2003/06/21 00:00,2003/06/20 03:00,2003/06/21 03:00,2078.614
2003/06/21 00:00,2003/06/22 00:00,2003/06/21 03:00,2003/06/22 03:00,1918.474
2003/06/22 00:00,2003/06/23 00:00,2003/06/22 03:00,2003/06/23 03:00,1941.68
2003/06/23 00:00,2003/06/24 00:00,2003/06/23 03:00,2003/06/24 03:00,2010.744
2003/06/24 00:00,2003/06/25 00:00,2003/06/24 03:00,2003/06/25 03:00,2070.754
2003/06/25 00:00,2003/06/26 00:00,2003/06/25 03:00,2003/06/26 03:00,2112.234
2003/06/26 00:00,2003/06/27 00:00,2003/06/26 03:00,2003/06/27 03:00,2094.605
2003/06/27 00:00,2003/06/28 00:00,2003/06/27 03:00,2003/06/28 03:00,1949.933
2003/06/28 00:00,2003/06/29 00:00,2003/06/28 03:00,2003/06/29 03:00,1926.068
2003/06/29 00:00,2003/06/30 00:00,2003/06/29 03:00,2003/06/30 03:00,1927.87
2003/06/30 00:00,2003/07/01 00:00,2003/06/30 03:00,2003/07/01 03:00,2120.852
2003/07/01 00:00,2003/07/02 00:00,2003/07/01 03:00,2003/07/02 03:00,1991.491
2003/07/02 00:00,2003/07/03 00:00,2003/07/02 03:00,2003/07/03 03:00,2174.182
2003/07/03 00:00,2003/07/04 00:00,2003/07/03 03:00,2003/07/04 03:00,2191.026
2003/07/04 00:00,2003/07/05 00:00,2003/07/04 03:00,2003/07/05 03:00,2335.925
2003/07/05 00:00,2003/07/06 00:00,2003/07/05 03:00,2003/07/06 03:00,1984.744
2003/07/06 00:00,2003/07/07 00:00,2003/07/06 03:00,2003/07/07 03:00,1949.956
2003/07/07 00:00,2003/07/08 00:00,2003/07/07 03:00,2003/07/08 03:00,2110.21
2003/07/08 00:00,2003/07/09 00:00,2003/07/08 03:00,2003/07/09 03:00,2110.943
2003/07/09 00:00,2003/07/10 00:00,2003/07/09 03:00,2003/07/10 03:00,2071.823
2003/07/10 00:00,2003/07/11 00:00,2003/07/10 03:00,2003/07/11 03:00,2033.019
2003/07/11 00:00,2003/07/12 00:00,2003/07/11 03:00,2003/07/12 03:00,2014.428
2003/07/12 00:00,2003/07/13 00:00,2003/07/12 03:00,2003/07/13 03:00,2074.557
2003/07/13 00:00,2003/07/14 00:00,2003/07/13 03:00,2003/07/14 03:00,2145.007
2003/07/14 00:00,2003/07/15 00:00,2003/07/14 03:00,2003/07/15 03:00,2352.804
2003/07/15 00:00,2003/07/16 00:00,2003/07/15 03:00,2003/07/16 03:00,2252.09
2003/07/16 00:00,2003/07/17 00:00,2003/07/16 03:00,2003/07/17 03:00,2151.376
2003/07/17 00:00,2003/07/18 00:00,2003/07/17 03:00,2003/07/18 03:00,2183.985
2003/07/18 00:00,2003/07/19 00:00,2003/07/18 03:00,2003/07/19 03:00,2149.812
2003/07/19 00:00,2003/07/20 00:00,2003/07/19 03:00,2003/07/20 03:00,2232.186
2003/07/20 00:00,2003/07/21 00:00,2003/07/20 03:00,2003/07/21 03:00,2133.989
2003/07/21 00:00,2003/07/22 00:00,2003/07/21 03:00,2003/07/22 03:00,2474.794
2003/07/22 00:00,2003/07/23 00:00,2003/07/22 03:00,2003/07/23 03:00,2409.719
2003/07/23 00:00,2003/07/24 00:00,2003/07/23 03:00,2003/07/24 03:00,2531.433
2003/07/24 00:00,2003/07/25 00:00,2003/07/24 03:00,2003/07/25 03:00,2714.786
2003/07/25 00:00,2003/07/26 00:00,2003/07/25 03:00,2003/07/26 03:00,2783.718
2003/07/26 00:00,2003/07/27 00:00,2003/07/26 03:00,2003/07/27 03:00,2694.045
2003/07/27 00:00,2003/07/28 00:00,2003/07/27 03:00,2003/07/28 03:00,2647.561
2003/07/28 00:00,2003/07/29 00:00,2003/07/28 03:00,2003/07/29 03:00,2814.385
2003/07/29 00:00,2003/07/30 00:00,2003/07/29 03:00,2003/07/30 03:00,2865.811
2003/07/30 00:00,2003/07/31 00:00,2003/07/30 03:00,2003/07/31 03:00,2854.853
2003/07/31 00:00,2003/08/01 00:00,2003/07/31 03:00,2003/08/01 03:00,2843.895
2003/08/01 00:00,2003/08/02 00:00,2003/08/01 03:00,2003/08/02 03:00,2832.937
2003/08/02 00:00,2003/08/03 00:00,2003/08/02 03:00,2003/08/03 03:00,2821.979
2003/08/03 00:00,2003/08/04 00:00,2003/08/03 03:00,2003/08/04 03:00,2555.599
2003/08/04 00:00,2003/08/05 00:00,2003/08/04 03:00,2003/08/05 03:00,2554.873
2003/08/05 00:00,2003/08/06 00:00,2003/08/05 03:00,2003/08/06 03:00,2660.488
2003/08/06 00:00,2003/08/07 00:00,2003/08/06 03:00,2003/08/07 03:00,2691.976
2003/08/07 00:00,2003/08/08 00:00,2003/08/07 03:00,2003/08/08 03:00,2798.147
2003/08/08 00:00,2003/08/09 00:00,2003/08/08 03:00,2003/08/09 03:00,2744.839
2003/08/09 00:00,2003/08/10 00:00,2003/08/09 03:00,2003/08/10 03:00,2449.985
2003/08/10 00:00,2003/08/11 00:00,2003/08/10 03:00,2003/08/11 03:00,2254.021
2003/08/11 00:00,2003/08/12 00:00,2003/08/11 03:00,2003/08/12 03:00,2236.081
2003/08/12 00:00,2003/08/13 00:00,2003/08/12 03:00,2003/08/13 03:00,2070.044
2003/08/13 00:00,2003/08/14 00:00,2003/08/13 03:00,2003/08/14 03:00,1904.007
2003/08/14 00:00,2003/08/15 00:00,2003/08/14 03:00,2003/08/15 03:00,1886.768
2003/08/15 00:00,2003/08/16 00:00,2003/08/15 03:00,2003/08/16 03:00,1959.785
2003/08/16 00:00,2003/08/17 00:00,2003/08/16 03:00,2003/08/17 03:00,1949.562
2003/08/17 00:00,2003/08/18 00:00,2003/08/17 03:00,2003/08/18 03:00,1900.293
2003/08/18 00:00,2003/08/19 00:00,2003/08/18 03:00,2003/08/19 03:00,1969.723
2003/08/19 00:00,2003/08/20 00:00,2003/08/19 03:00,2003/08/20 03:00,1986.834
2003/08/20 00:00,2003/08/21 00:00,2003/08/20 03:00,2003/08/21 03:00,2103.527
2003/08/21 00:00,2003/08/22 00:00,2003/08/21 03:00,2003/08/22 03:00,2257.918
2003/08/22 00:00,2003/08/23 00:00,2003/08/22 03:00,2003/08/23 03:00,2462.38
2003/08/23 00:00,2003/08/24 00:00,2003/08/23 03:00,2003/08/24 03:00,2510.316
2003/08/24 00:00,2003/08/25 00:00,2003/08/24 03:00,2003/08/25 03:00,2398.261
2003/08/25 00:00,2003/08/26 00:00,2003/08/25 03:00,2003/08/26 03:00,2401.912
2003/08/26 00:00,2003/08/27 00:00,2003/08/26 03:00,2003/08/27 03:00,2482.125
2003/08/27 00:00,2003/08/28 00:00,2003/08/27 03:00,2003/08/28 03:00,2534.287
2003/08/28 00:00,2003/08/29 00:00,2003/08/28 03:00,2003/08/29 03:00,2581.964
2003/08/29 00:00,2003/08/30 00:00,2003/08/29 03:00,2003/08/30 03:00,2377.432
2003/08/30 00:00,2003/08/31 00:00,2003/08/30 03:00,2003/08/31 03:00,2018.769
2003/08/31 00:00,2003/09/01 00:00,2003/08/31 03:00,2003/09/01 03:00,1866.975
